{
  "metadata": {
    "source_filename": "embbedings.docx",
    "id": "286074e1-4d7d-4ce0-a72c-a236ae5831e9",
    "n_chars": 4408
  },
  "full_text": "{\\n  \"borrower\": {\\n    \"name\": \"JACK MERIDITH SPECTOR\",\\n    \"social_security_number\": \"15-52-556\",\\n    \"date_of_birth\": \"02/02/2000\",\\n    \"citizenship\": \"U.S. Citizen\",\\n    \"alternate_names\": [\"JACK MERIDITH SPECTOR\"],\\n    \"marital_status\": \"Unmarried\",\\n    \"dependents\": {\\n      \"number\": 1,\\n      \"ages\": [25]\\n    },\\n    \"contact_information\": {\\n      \"home_phone\": \"252-252-3564\",\\n      \"cell_phone\": \"252-252-6543\",\\n      \"work_phone\": \"252-262-3654 x5635\",\\n      \"email\": \"JACK@GMAIL.COM\"\\n    },\\n    \"current_address\": {\\n      \"street\": \"BAKER'S STREET\",\\n      \"unit\": \"5\",\\n      \"city\": \"NEW YORK\",\\n      \"state\": \"NC\",\\n      \"zip\": \"12563\",\\n      \"country\": \"USA\",\\n      \"duration\": \"2 years 18 months\",\\n      \"housing_status\": \"Own\"\\n    },\\n    \"former_address\": {\\n      \"street\": \"BAKER'S STREET\",\\n      \"unit\": \"5\",\\n      \"city\": \"NEW YORK\",\\n      \"state\": \"NC\",\\n      \"zip\": \"12563\",\\n      \"country\": \"USA\"\\n    },\\n    \"mailing_address\": {\\n      \"street\": \"BAKER'S STREET\",\\n      \"unit\": \"5\",\\n      \"city\": \"NEW YORK\",\\n      \"state\": \"NC\",\\n      \"zip\": \"12563\",\\n      \"country\": \"USA\"\\n    }\\n  },\\n  \"employment\": {\\n    \"current_employment\": {\\n      \"employer\": \"AMAZON\",\\n      \"street\": \"MARY STREET\",\\n      \"unit\": \"45\",\\n      \"city\": \"NEW YORK\",\\n      \"state\": \"NC\",\\n      \"zip\": \"12599\",\\n      \"country\": \"USA\",\\n      \"phone\": \"253-654-6666\",\\n      \"position\": \"MANAGER\",\\n      \"start_date\": \"02/02/2020\",\\n      \"experience\": \"1 year\",\\n      \"employed_by_family_member\": false,\\n      \"income\": {\\n        \"base\": 50000,\\n        \"overtime\": 2000,\\n        \"bonus\": 1000,\\n        \"commission\": 0,\\n        \"military_entitlements\": 20000,\\n        \"other\": 0,\\n        \"monthly_total_income\": 73000\\n      }\\n    }\\n  },\\n  \"assets\": {\\n    \"bank_and_investment_accounts\": [\\n      {\\n        \"type\": \"Individual Development Account\",\\n        \"institution\": \"USA1\",\\n        \"value\": 10000\\n      },\\n      {\\n        \"type\": \"Cash Value of Life Insurance\",\\n        \"institution\": \"LIC\",\\n        \"value\": 20000\\n      }\\n    ],\\n    \"total_asset_value\": 30000\\n  },\\n  \"liabilities\": {\\n    \"credit_cards_and_loans\": [],\\n    \"other_liabilities_expenses\": []\\n  },\\n  \"real_estate\": {\\n    \"owns_real_estate\": false\\n  },\\n  \"loan_information\": {\\n    \"loan_amount\": 200000,\\n    \"loan_purpose\": \"Purchase\",\\n    \"property\": {\\n      \"address\": {\\n        \"street\": \"BAKERS STREET\",\\n        \"unit\": \"5\",\\n        \"city\": \"NEW YORK\",\\n        \"state\": \"NC\",\\n        \"zip\": \"12563\",\\n        \"country\": \"USA\"\\n      },\\n      \"value\": 500000,\\n      \"number_of_units\": 55,\\n      \"occupancy_type\": \"Second Home\",\\n      \"mixed_use_property\": true,\\n      \"manufactured_home\": false\\n    },\\n    \"expected_rental_income\": {\\n      \"monthly_rent\": 20000,\\n      \"net_rent\": 18000\\n    }\\n  },\\n  \"declarations\": {\\n    \"occupy_property_as_primary_residence\": true,\\n    \"ownership_last_3_years\": true,\\n    \"previous_property_type\": \"Second Home\",\\n    \"previous_title_holding\": \"S\",\\n    \"relation_with_seller\": true,\\n    \"borrowing_additional_money\": false,\\n    \"applying_for_other_mortgage\": false,\\n    \"new_credit_before_closing\": false,\\n    \"property_priority_lien\": false,\\n    \"co_signer\": false,\\n    \"outstanding_judgments\": true,\\n    \"delinquent_on_federal_debt\": true,\\n    \"party_to_lawsuit\": true,\\n    \"conveyed_title_in_lieu_of_foreclosure\": true,\\n    \"pre_foreclosure_or_short_sale\": true,\\n    \"property_foreclosed_last_7_years\": true,\\n    \"declared_bankruptcy_last_7_years\": false\\n  },\\n  \"military_service\": {\\n    \"served_in_us_armed_forces\": true,\\n    \"currently_active_duty\": true,\\n    \"service_end_date\": \"02/02/2022\",\\n    \"retired_or_discharge\": false,\\n    \"non_activated_reserve\": false,\\n    \"surviving_spouse\": false\\n  },\\n  \"demographic_information\": {\\n    \"ethnicity\": \"Not Hispanic or Latino\",\\n    \"sex\": \"Male\",\\n    \"race\": [\"White\"]\\n  },\\n  \"loan_originator_information\": {\\n    \"organization_name\": \"USA BANK\",\\n    \"organization_address\": \"WALL STREET, NEW YORK, USA\",\\n    \"organization_nmlsr_id\": \"25612DE23\",\\n    \"organization_state_license\": \"SDFS5642\",\\n    \"originator_name\": \"MAX VESTAPPEREN\",\\n    \"originator_nmlsr_id\": \"DF23521\",\\n    \"originator_state_license\": \"NY5623\",\\n    \"email\": \"MAX@GMAIL.COM\",\\n    \"phone\": \"231-568-9999\",\\n    \"signature_date\": \"12/10/2025\"\\n  }\\n}",
  "chunks": [
    {
      "chunk_id": "286074e1-4d7d-4ce0-a72c-a236ae5831e9_chunk_0",
      "text": "{\\n \"borrower\": {\\n \"name\": \"JACK MERIDITH SPECTOR\",\\n \"social_security_number\": \"15-52-556\",\\n \"date_of_birth\": \"02/02/2000\",\\n \"citizenship\": \"U.S. Citizen\",\\n \"alternate_names\": [\"JACK MERIDITH SPECTOR\"],\\n \"marital_status\": \"Unmarried\",\\n \"dependents\": {\\n \"number\": 1,\\n \"ages\": [25]\\n },\\n \"contact_information\": {\\n \"home_phone\": \"252-252-3564\",\\n \"cell_phone\": \"252-252-6543\",\\n \"work_phone\": \"252-262-3654 x5635\",\\n \"email\": \"JACK@GMAIL.COM\"\\n },\\n \"current_address\": {\\n \"street\": \"BAKER'S STREET\",\\n \"unit\": \"5\",\\n \"city\": \"NEW YORK\",\\n \"state\": \"NC\",\\n \"zip\": \"12563\",\\n \"country\": \"USA\",\\n \"duration\": \"2 years 18 months\",\\n \"housing_status\": \"Own\"\\n },\\n \"former_address\": {\\n \"street\": \"BAKER'S STREET\",\\n \"unit\": \"5\",\\n \"city\": \"NEW YORK\",\\n \"state\": \"NC\",\\n \"zip\": \"12563\",\\n \"country\": \"USA\"\\n },\\n",
      "chunk_index": 0
    },
    {
      "chunk_id": "286074e1-4d7d-4ce0-a72c-a236ae5831e9_chunk_1",
      "text": "\"housing_status\": \"Own\"\\n },\\n \"former_address\": {\\n \"street\": \"BAKER'S STREET\",\\n \"unit\": \"5\",\\n \"city\": \"NEW YORK\",\\n \"state\": \"NC\",\\n \"zip\": \"12563\",\\n \"country\": \"USA\"\\n },\\n \"mailing_address\": {\\n \"street\": \"BAKER'S STREET\",\\n \"unit\": \"5\",\\n \"city\": \"NEW YORK\",\\n \"state\": \"NC\",\\n \"zip\": \"12563\",\\n \"country\": \"USA\"\\n }\\n },\\n \"employment\": {\\n \"current_employment\": {\\n \"employer\": \"AMAZON\",\\n \"street\": \"MARY STREET\",\\n \"unit\": \"45\",\\n \"city\": \"NEW YORK\",\\n \"state\": \"NC\",\\n \"zip\": \"12599\",\\n \"country\": \"USA\",\\n \"phone\": \"253-654-6666\",\\n \"position\": \"MANAGER\",\\n \"start_date\": \"02/02/2020\",\\n \"experience\": \"1 year\",\\n \"employed_by_family_member\": false,\\n \"income\": {\\n \"base\": 50000,\\n \"overtime\": 2000,\\n \"bonus\": 1000,\\n \"commission\": 0,\\n \"military_entitlements\":",
      "chunk_index": 1
    },
    {
      "chunk_id": "286074e1-4d7d-4ce0-a72c-a236ae5831e9_chunk_2",
      "text": "\"position\": \"MANAGER\",\\n \"start_date\": \"02/02/2020\",\\n \"experience\": \"1 year\",\\n \"employed_by_family_member\": false,\\n \"income\": {\\n \"base\": 50000,\\n \"overtime\": 2000,\\n \"bonus\": 1000,\\n \"commission\": 0,\\n \"military_entitlements\": 20000,\\n \"other\": 0,\\n \"monthly_total_income\": 73000\\n }\\n }\\n },\\n \"assets\": {\\n \"bank_and_investment_accounts\": [\\n {\\n \"type\": \"Individual Development Account\",\\n \"institution\": \"USA1\",\\n \"value\": 10000\\n },\\n {\\n \"type\": \"Cash Value of Life Insurance\",\\n \"institution\": \"LIC\",\\n \"value\": 20000\\n }\\n ],\\n \"total_asset_value\": 30000\\n },\\n \"liabilities\": {\\n \"credit_cards_and_loans\": [],\\n \"other_liabilities_expenses\": []\\n },\\n \"real_estate\": {\\n \"owns_real_estate\": false\\n },\\n \"loan_information\": {\\n \"loan_amount\": 200000,\\n \"loan_purpose\": \"Purchase\",\\n \"property\": {\\n \"address\": {\\n",
      "chunk_index": 2
    },
    {
      "chunk_id": "286074e1-4d7d-4ce0-a72c-a236ae5831e9_chunk_3",
      "text": "\"credit_cards_and_loans\": [],\\n \"other_liabilities_expenses\": []\\n },\\n \"real_estate\": {\\n \"owns_real_estate\": false\\n },\\n \"loan_information\": {\\n \"loan_amount\": 200000,\\n \"loan_purpose\": \"Purchase\",\\n \"property\": {\\n \"address\": {\\n \"street\": \"BAKERS STREET\",\\n \"unit\": \"5\",\\n \"city\": \"NEW YORK\",\\n \"state\": \"NC\",\\n \"zip\": \"12563\",\\n \"country\": \"USA\"\\n },\\n \"value\": 500000,\\n \"number_of_units\": 55,\\n \"occupancy_type\": \"Second Home\",\\n \"mixed_use_property\": true,\\n \"manufactured_home\": false\\n },\\n \"expected_rental_income\": {\\n \"monthly_rent\": 20000,\\n \"net_rent\": 18000\\n }\\n },\\n \"declarations\": {\\n \"occupy_property_as_primary_residence\": true,\\n \"ownership_last_3_years\": true,\\n \"previous_property_type\": \"Second Home\",\\n \"previous_title_holding\": \"S\",\\n \"relation_with_seller\": true,\\n \"borrowing_additional_money\": false,\\n \"applying_for_other_mortgage\": false,\\n \"new_credit_before_closing\": false,\\n \"property_priority_lien\": false,\\n \"co_signer\": false,\\n \"outstanding_judgments\": true,\\n",
      "chunk_index": 3
    },
    {
      "chunk_id": "286074e1-4d7d-4ce0-a72c-a236ae5831e9_chunk_4",
      "text": "true,\\n \"previous_property_type\": \"Second Home\",\\n \"previous_title_holding\": \"S\",\\n \"relation_with_seller\": true,\\n \"borrowing_additional_money\": false,\\n \"applying_for_other_mortgage\": false,\\n \"new_credit_before_closing\": false,\\n \"property_priority_lien\": false,\\n \"co_signer\": false,\\n \"outstanding_judgments\": true,\\n \"delinquent_on_federal_debt\": true,\\n \"party_to_lawsuit\": true,\\n \"conveyed_title_in_lieu_of_foreclosure\": true,\\n \"pre_foreclosure_or_short_sale\": true,\\n \"property_foreclosed_last_7_years\": true,\\n \"declared_bankruptcy_last_7_years\": false\\n },\\n \"military_service\": {\\n \"served_in_us_armed_forces\": true,\\n \"currently_active_duty\": true,\\n \"service_end_date\": \"02/02/2022\",\\n \"retired_or_discharge\": false,\\n \"non_activated_reserve\": false,\\n \"surviving_spouse\": false\\n },\\n \"demographic_information\": {\\n \"ethnicity\": \"Not Hispanic or Latino\",\\n \"sex\": \"Male\",\\n \"race\": [\"White\"]\\n },\\n \"loan_originator_information\": {\\n \"organization_name\": \"USA BANK\",\\n \"organization_address\": \"WALL STREET, NEW YORK, USA\",\\n \"organization_nmlsr_id\": \"25612DE23\",\\n \"organization_state_license\": \"SDFS5642\",\\n \"originator_name\": \"MAX VESTAPPEREN\",\\n \"originator_nmlsr_id\": \"DF23521\",\\n",
      "chunk_index": 4
    },
    {
      "chunk_id": "286074e1-4d7d-4ce0-a72c-a236ae5831e9_chunk_5",
      "text": "\"loan_originator_information\": {\\n \"organization_name\": \"USA BANK\",\\n \"organization_address\": \"WALL STREET, NEW YORK, USA\",\\n \"organization_nmlsr_id\": \"25612DE23\",\\n \"organization_state_license\": \"SDFS5642\",\\n \"originator_name\": \"MAX VESTAPPEREN\",\\n \"originator_nmlsr_id\": \"DF23521\",\\n \"originator_state_license\": \"NY5623\",\\n \"email\": \"MAX@GMAIL.COM\",\\n \"phone\": \"231-568-9999\",\\n \"signature_date\": \"12/10/2025\"\\n }\\n}",
      "chunk_index": 5
    }
  ]
}